,Mean excess (ours),Mean excess (FF93),CAPM alpha (ours),CAPM alpha (FF93),FF3 alpha (ours),FF3 alpha (FF93),FF3 t (ours),FF3 t (FF93),CAPM R2 (ours),CAPM R2 (FF93),FF3 R2 (ours),FF3 R2 (FF93)
S1B1,0.3171716374269005,0.39,-0.26463050712965597,-0.22,-0.36769108109037274,-0.34,-3.428103115654297,-3.16,0.6985754137704177,0.67,0.9379988262986911,0.94
S1B2,0.6630713450292398,0.7,0.15323511607479942,0.15,-0.09665259191545061,-0.12,-1.2256160358106833,-1.47,0.7023110648865316,0.7,0.9561211343047595,0.96
S1B3,0.7434865497076024,0.79,0.26973751711570076,0.3,-0.04986155850389323,-0.05,-0.7460505684143591,-0.73,0.7071293729126248,0.68,0.9632502695773739,0.97
S1B4,0.8649201754385966,0.88,0.42483886305973934,0.42,0.06084729667977421,0.01,1.0068161510113385,0.22,0.6865050954393864,0.65,0.9661879918387138,0.97
S1B5,0.9897190058479532,1.01,0.5381290980874296,0.54,0.058405128721705224,0.0,0.8793441126978195,0.14,0.6434751342688263,0.61,0.96363678580894,0.96
S2B1,0.39438216374269003,0.44,-0.19161775411196003,-0.18,-0.13956903410345278,-0.11,-1.656876664430959,-1.24,0.8050604698621201,0.79,0.9565820732713379,0.95
S2B2,0.6434614035087719,0.71,0.13821505750627516,0.17,-0.031501068313490456,-0.01,-0.4543669123859316,-0.2,0.8029538807425771,0.79,0.9605394202624844,0.96
S2B3,0.8354897660818714,0.85,0.3789813330807441,0.36,0.12906723110482493,0.08,1.9507734195962667,1.04,0.7884618063712127,0.76,0.9567712613235249,0.95
S2B4,0.8997926900584794,0.84,0.4762026088251284,0.39,0.14337181476749897,0.03,2.3013785884095173,0.51,0.7826123132285564,0.76,0.9558134809940142,0.95
S2B5,0.9850236842105264,1.02,0.5218050457253549,0.53,0.06424680358353127,0.02,0.9547192267058066,0.34,0.7345566345991226,0.71,0.9595242820948533,0.96
S3B1,0.4330590643274855,0.43,-0.12073889816737768,-0.16,-0.03684765299173148,-0.11,-0.48887509014141056,-1.42,0.8621016814069108,0.84,0.9583310148023758,0.95
S3B2,0.6494409356725147,0.66,0.17468608316251466,0.15,0.0535483654673621,0.04,0.7345020294509629,0.47,0.8580429456091276,0.81,0.947202067328334,0.94
S3B3,0.6798149122807018,0.68,0.2548274560651089,0.23,0.02101713282872356,-0.04,0.2872993218902468,-0.47,0.8345058507631203,0.8,0.935473661707289,0.93
S3B4,0.8235576023391813,0.81,0.4243041221080145,0.39,0.11737835528579808,0.05,1.7682218753530077,0.71,0.8185217160865057,0.79,0.9409462864050043,0.93
S3B5,0.9248906432748538,0.97,0.4849225724458207,0.5,0.055393657137118524,0.05,0.6563680982847425,0.56,0.7431520188000711,0.74,0.9286112020695291,0.93
S4B1,0.45866520467836275,0.48,-0.04150192630589023,-0.05,0.11687363776161576,0.09,1.543385407460352,1.07,0.8983502635244869,0.89,0.9462753670330426,0.94
S4B2,0.36585,0.35,-0.09508576784387715,-0.14,-0.15419280548701367,-0.22,-1.850589542189843,-2.65,0.9042508424258429,0.9,0.9229131006975594,0.93
S4B3,0.6151672514619883,0.57,0.18844571375058625,0.12,0.004715590414997831,-0.08,0.05762474996333827,-0.99,0.8781052974752354,0.87,0.9157406900422174,0.91
S4B4,0.7926552631578947,0.77,0.393270692937096,0.35,0.09723815947118189,0.03,1.1752718698241869,0.33,0.817416473265486,0.8,0.9084472050247303,0.89
S4B5,0.8838423976608188,1.05,0.4400007135766888,0.57,0.03733590938916004,0.13,0.37464060698635504,1.24,0.7684148109259513,0.76,0.8988707901015087,0.89
S5B1,0.36928742690058475,0.4,-0.04331290287702605,-0.04,0.19294795029539266,0.21,2.861058696481267,3.27,0.8797408080137479,0.89,0.9386766195448021,0.94
S5B2,0.33708596491228066,0.36,-0.06630511990520362,-0.07,-0.028747497735114143,-0.05,-0.39551839162138874,-0.67,0.9115074948221926,0.91,0.9227981628510176,0.92
S5B3,0.35417397660818717,0.32,-0.003394719400500693,-0.07,-0.05219677221615382,-0.13,-0.5780925638484407,-1.46,0.8281131270867,0.84,0.8621974946346804,0.88
S5B4,0.5077076023391812,0.56,0.16285473141962595,0.2,-0.06177731172968262,-0.05,-0.8250624466873616,0.69,0.7966000814600768,0.79,0.9019806718960709,0.9
S5B5,0.5285520467836257,0.59,0.1716994031478536,0.21,-0.172105387968594,-0.16,-1.5972824023144983,-1.41,0.6928002178937762,0.69,0.8350509993895574,0.83
