Period,Series,Months,Ann. mean (%),Ann. vol (%),Sharpe,t(mean),Skew,Ex. kurt,Max DD (%),Hit rate (%)
In-sample,Market (Mkt-RF),342.0,4.927719298245613,15.906355348550246,0.30979562509866465,1.653856065657699,-0.38025723543558443,2.2541319540228315,-55.71442925619736,54.97076023391813
In-sample,IMOM gross,342.0,11.669333333333334,14.34988216217911,0.8132006382665152,4.3413034246866955,-0.32922381745385093,1.4820193911056077,-26.28584368575303,64.03508771929825
In-sample,IMOM net (25 bp),342.0,9.160363942886429,14.381305101454322,0.6369633269208702,3.400453642604167,-0.313829476013552,1.4610457643617636,-30.128394847976903,62.28070175438597
In-sample,IMOM long leg,342.0,11.178105263157894,19.593639800070576,0.570496619169126,3.045618522694032,-0.5444492412112456,2.5183937070401043,-43.99223628631075,57.89473684210527
In-sample,IMOM short leg,342.0,-0.4912280701754383,20.81845507852003,-0.02359579845491394,-0.12596709326113784,0.054451075203581785,2.4343833912608064,-83.75114658890325,47.368421052631575
In-sample,IMOM ex-ante hedged,282.0,1.2602228072738804,8.398742238684589,0.15004899203469976,0.7273894763122372,0.23879164538649436,0.9619261758737729,-36.23637556262137,52.4822695035461
In-sample,Small-value tilt,342.0,11.876628070175439,21.788722668723338,0.5450814281657623,2.9099385311274144,-0.002858041384278388,4.074332900809627,-67.87554572495995,57.60233918128655
Out-of-sample,Market (Mkt-RF),416.0,9.10701923076923,15.05289105311658,0.6050013381903601,3.562151428470401,-0.5869297645962628,1.1675629261305884,-54.164862670834026,63.942307692307686
Out-of-sample,IMOM gross,416.0,6.1300673076923085,16.159644806613997,0.3793441861533569,2.233518092092136,-0.9771163173607934,7.36246147358691,-52.99788350601005,55.28846153846154
Out-of-sample,IMOM net (25 bp),416.0,3.4149773234333263,16.175205409902105,0.21112420132499535,1.2430656394645438,-0.9617656515544813,7.2962380777666525,-57.42107182840439,52.88461538461539
Out-of-sample,IMOM long leg,416.0,12.770971153846155,17.39845738030784,0.7340289357090226,4.321845352764817,-0.5612114665061472,1.3766918618088155,-53.33934370348889,63.942307692307686
Out-of-sample,IMOM short leg,416.0,6.640903846153845,20.56362594429148,0.32294420566414644,1.9014439983946267,-0.006159327487884727,4.502039838447017,-62.37395044698476,57.692307692307686
Out-of-sample,IMOM ex-ante hedged,416.0,3.575828802099208,10.016716110899448,0.3569861382223118,2.1018774702488776,0.4086979758640422,1.496482179670486,-22.20950778920885,53.605769230769226
Out-of-sample,Small-value tilt,416.0,14.60449326923077,21.58026385861475,0.6767523031652236,3.984609671527908,0.22906102175692292,5.41975518031872,-68.02050998053448,61.29807692307693
Full,Market (Mkt-RF),758.0,7.22137203166227,15.44517690073687,0.46754867736851535,3.7159581358363294,-0.49105469810824104,1.7164189186970242,-55.71442925619736,59.894459102902374
Full,IMOM gross,758.0,8.629313984168865,15.380210149807175,0.5610660647752627,4.459210578623929,-0.7593518411914492,5.547738844475983,-52.997883506010034,59.23482849604221
Full,IMOM net (25 bp),758.0,6.007223001339608,15.403942511349939,0.3899795780796613,3.0994586363313315,-0.7435774242200051,5.487907161118766,-57.421071828404415,57.12401055408971
Full,IMOM long leg,758.0,12.052290237467018,18.410279539729206,0.6546500400202121,5.202992244637029,-0.5593803694167818,2.1013231187528785,-53.33934370348889,61.21372031662269
Full,IMOM short leg,758.0,3.4229762532981534,20.690708502772846,0.16543542976498007,1.3148387771103007,0.01984729312623321,3.5219252109220216,-83.75114658890325,53.03430079155673
Full,IMOM ex-ante hedged,698.0,2.640297440292987,9.396066032617513,0.2810003070569593,2.143107137840243,0.3807264772854792,1.5010630997288947,-36.23637556262137,53.15186246418339
Full,Small-value tilt,758.0,13.373715039577835,21.663767192456866,0.6173309988409793,4.906389983943906,0.12224548618982703,4.80601687937658,-68.02050998053448,59.63060686015831
