Strategy,Model,Period,alpha (%/yr),t,adj R2,N
IMOM gross,CAPM,In-sample,11.788632168799204,4.33678495312208,-0.00221890470143582,342.0
IMOM gross,CAPM,Out-of-sample,7.748344370794619,2.939625812145859,0.02504939040619436,416.0
IMOM gross,CAPM,Full,9.39551432956832,4.904593779769666,0.010045157095690094,758.0
IMOM gross,FF3,In-sample,13.273224258202612,5.105948073664244,0.028088450524668906,342.0
IMOM gross,FF3,Out-of-sample,8.88334276328791,3.456250517091688,0.07271884655529759,416.0
IMOM gross,FF3,Full,10.784092715781123,5.7522411937537035,0.04675467477496498,758.0
IMOM gross,FF3+UMD,In-sample,1.4301345111883874,0.8417196529713338,0.6819491176043504,342.0
IMOM gross,FF3+UMD,Out-of-sample,1.8674324708820533,1.3102581856144746,0.6674332886770733,416.0
IMOM gross,FF3+UMD,Full,2.3147005679900676,2.088349703867165,0.6654334269294329,758.0
IMOM gross,FF5+UMD,In-sample,1.8242084563395442,0.9811792239212325,0.6808873093077232,342.0
IMOM gross,FF5+UMD,Out-of-sample,2.261144710945629,1.6007022147267778,0.6679207263170586,416.0
IMOM gross,FF5+UMD,Full,2.7626822976469505,2.4643584369007554,0.6684612606191052,758.0
IMOM net,CAPM,In-sample,9.284256535112402,3.389089619218774,-0.0021656100794120725,342.0
IMOM net,CAPM,Out-of-sample,5.03775147223155,1.9014296852357142,0.025149137428096435,416.0
IMOM net,CAPM,Full,6.779035314405562,3.5113029322154943,0.010176777490604638,758.0
IMOM net,FF3,In-sample,10.764854502373515,4.11148731215698,0.027855772053408168,342.0
IMOM net,FF3,Out-of-sample,6.176262582676197,2.387300268625996,0.07300756418155607,416.0
IMOM net,FF3,Full,8.168305470936708,4.319171865016319,0.04678194269663716,758.0
IMOM net,FF3+UMD,In-sample,-1.092373750602333,-0.6383080997627684,0.6804110848276681,342.0
IMOM net,FF3+UMD,Out-of-sample,-0.8470702131048081,-0.5911348904810567,0.667836057155895,416.0
IMOM net,FF3+UMD,Full,-0.31123763641004276,-0.27844609354218613,0.6650343219390273,758.0
IMOM net,FF5+UMD,In-sample,-0.7089120121483213,-0.3791969864832421,0.6793548817284851,342.0
IMOM net,FF5+UMD,Out-of-sample,-0.4487214963520375,-0.31543481357833875,0.6682749463997502,416.0
IMOM net,FF5+UMD,Full,0.14018460095688076,0.12394844808595103,0.6680706585560501,758.0
IMOM hedged,CAPM,In-sample,1.3397188597733414,0.7028104032194142,-0.002131153507157757,282.0
IMOM hedged,CAPM,Out-of-sample,3.5789719010081344,2.1085997356826107,-0.0024151892871822067,416.0
IMOM hedged,CAPM,Full,2.6967858540629037,2.118697550840654,-0.0012588250394076628,698.0
IMOM hedged,FF3,In-sample,1.0785918175074054,0.5737920357084372,-0.0038984698171340426,282.0
IMOM hedged,FF3,Out-of-sample,3.55960166663782,2.1014938358431072,-0.003103135645070587,416.0
IMOM hedged,FF3,Full,2.5986347994227676,2.015507221631208,-0.0030430903182139257,698.0
IMOM hedged,FF3+UMD,In-sample,1.81991462065724,0.8907212984610356,0.0008075309691278898,282.0
IMOM hedged,FF3+UMD,Out-of-sample,3.3158076442048885,1.9680344168921076,-0.0036677281390256056,416.0
IMOM hedged,FF3+UMD,Full,2.5648536884620268,1.9705208797732778,-0.004461649676589685,698.0
IMOM hedged,FF5+UMD,In-sample,1.950354054505026,0.8823821029512987,0.0014451525766092654,282.0
IMOM hedged,FF5+UMD,Out-of-sample,3.5748253371281704,2.107563036165754,-0.0021792690804844916,416.0
IMOM hedged,FF5+UMD,Full,2.736410162151425,2.080103403267642,0.0002741696649298797,698.0
Small-value tilt,CAPM,In-sample,6.457549177049154,2.420141267573993,0.6434751342688263,342.0
Small-value tilt,CAPM,Out-of-sample,5.2062825735583225,1.707684686187479,0.5169964926231234,416.0
Small-value tilt,CAPM,Full,5.691879952109813,2.770683362345264,0.5746241124145695,758.0
Small-value tilt,FF3,In-sample,0.7008615446604627,0.9094823455325768,0.96363678580894,342.0
Small-value tilt,FF3,Out-of-sample,3.6021695128932745,3.013610681247959,0.865038979719277,416.0
Small-value tilt,FF3,Full,2.1622675038917483,2.895289088607773,0.907553788582828,758.0
Small-value tilt,FF3+UMD,In-sample,0.5126113078249732,0.604737971812102,0.9636008562794025,342.0
Small-value tilt,FF3+UMD,Out-of-sample,3.7315779824587283,3.342491785472059,0.8648244908037491,416.0
Small-value tilt,FF3+UMD,Full,2.1993945049051935,3.102529372032501,0.9074370226593089,758.0
Small-value tilt,FF5+UMD,In-sample,0.051234835170451465,0.05819329015024105,0.9627457734029448,342.0
Small-value tilt,FF5+UMD,Out-of-sample,3.6477721363662896,3.432185460202422,0.8604915402160007,416.0
Small-value tilt,FF5+UMD,Full,2.030698242094808,2.8744254935446962,0.9045695874081323,758.0
