lookback,skip,n,Sharpe IS,Sharpe OOS,alpha IS,t IS,alpha OOS,t OOS
3,0,5,0.48361673170851727,0.30079395114178187,4.324987794455424,1.2458867352268577,5.781223722704752,1.6881117851470577
3,0,10,0.5749502276901475,0.22736533159145447,3.6656461251117927,1.3977598192239034,3.2923007173262677,1.47939436476383
3,1,5,0.4439151241180127,0.15506969762472755,1.6893375615966453,0.5132145999591597,1.11592354981848,0.32529297782775024
3,1,10,0.42197584500381324,0.14603711499067784,-0.34293469414823297,-0.1396286344140553,1.0198645842626521,0.4422455110131953
6,0,5,0.6257966863553401,0.2763134914009632,4.668308509299896,1.5646344983695464,2.277604726322167,0.7014410156432116
6,0,10,0.7495541714581853,0.2195057834463766,4.011491384636314,1.8794502086712992,0.6861413183767188,0.2913363526020059
6,1,5,0.5266428020501002,0.29626096494557425,0.26631929022660494,0.09561851649467863,1.2457688378248872,0.4179578214361305
6,1,10,0.5143160752418596,0.2569902709560336,-0.6897783330771772,-0.34089845937790103,0.08297037265931131,0.04359233257989788
9,0,5,0.762355111096224,0.3357068197534528,5.12615250591166,1.6920768314061454,2.4936089548706275,0.8678800917083281
9,0,10,0.797770712263729,0.382911978187464,2.8764636084873736,1.3893219699149046,2.6337140316272505,1.4210368103305078
9,1,5,0.500300577169986,0.35129368895788293,-1.4996384122658646,-0.5004545505856649,2.2278733247473768,0.8825092309643898
9,1,10,0.6056943141482262,0.3680486641944653,-1.0000536559443163,-0.5178782316487459,1.5236501033808982,0.8891970651726875
12,0,5,0.8025693807450761,0.47275073849791455,3.510873454871885,1.229926647792127,6.188088635894468,2.2299021667801107
12,0,10,0.8881295511686678,0.3970262086717537,3.1575138032483285,1.5233310450792719,2.9274065336965376,1.9626101645538656
12,1,5,0.6153979809759873,0.37626755935015443,-0.03248585595488128,-0.012820359060520134,2.9661393769828894,1.1734290602318698
12,1,10,0.8132006382665152,0.3793441861533569,1.8242084563395442,0.9811792239212325,2.261144710945629,1.6007022147267778
