source,statistic,portfolio,value
Table 2,mean_excess_pct,S1B1,0.39
Table 2,mean_excess_pct,S1B2,0.7
Table 2,mean_excess_pct,S1B3,0.79
Table 2,mean_excess_pct,S1B4,0.88
Table 2,mean_excess_pct,S1B5,1.01
Table 2,mean_excess_pct,S2B1,0.44
Table 2,mean_excess_pct,S2B2,0.71
Table 2,mean_excess_pct,S2B3,0.85
Table 2,mean_excess_pct,S2B4,0.84
Table 2,mean_excess_pct,S2B5,1.02
Table 2,mean_excess_pct,S3B1,0.43
Table 2,mean_excess_pct,S3B2,0.66
Table 2,mean_excess_pct,S3B3,0.68
Table 2,mean_excess_pct,S3B4,0.81
Table 2,mean_excess_pct,S3B5,0.97
Table 2,mean_excess_pct,S4B1,0.48
Table 2,mean_excess_pct,S4B2,0.35
Table 2,mean_excess_pct,S4B3,0.57
Table 2,mean_excess_pct,S4B4,0.77
Table 2,mean_excess_pct,S4B5,1.05
Table 2,mean_excess_pct,S5B1,0.4
Table 2,mean_excess_pct,S5B2,0.36
Table 2,mean_excess_pct,S5B3,0.32
Table 2,mean_excess_pct,S5B4,0.56
Table 2,mean_excess_pct,S5B5,0.59
Table 4,capm_r2,S1B1,0.67
Table 4,capm_r2,S1B2,0.7
Table 4,capm_r2,S1B3,0.68
Table 4,capm_r2,S1B4,0.65
Table 4,capm_r2,S1B5,0.61
Table 4,capm_r2,S2B1,0.79
Table 4,capm_r2,S2B2,0.79
Table 4,capm_r2,S2B3,0.76
Table 4,capm_r2,S2B4,0.76
Table 4,capm_r2,S2B5,0.71
Table 4,capm_r2,S3B1,0.84
Table 4,capm_r2,S3B2,0.81
Table 4,capm_r2,S3B3,0.8
Table 4,capm_r2,S3B4,0.79
Table 4,capm_r2,S3B5,0.74
Table 4,capm_r2,S4B1,0.89
Table 4,capm_r2,S4B2,0.9
Table 4,capm_r2,S4B3,0.87
Table 4,capm_r2,S4B4,0.8
Table 4,capm_r2,S4B5,0.76
Table 4,capm_r2,S5B1,0.89
Table 4,capm_r2,S5B2,0.91
Table 4,capm_r2,S5B3,0.84
Table 4,capm_r2,S5B4,0.79
Table 4,capm_r2,S5B5,0.69
Table 6,ff3_r2,S1B1,0.94
Table 6,ff3_r2,S1B2,0.96
Table 6,ff3_r2,S1B3,0.97
Table 6,ff3_r2,S1B4,0.97
Table 6,ff3_r2,S1B5,0.96
Table 6,ff3_r2,S2B1,0.95
Table 6,ff3_r2,S2B2,0.96
Table 6,ff3_r2,S2B3,0.95
Table 6,ff3_r2,S2B4,0.95
Table 6,ff3_r2,S2B5,0.96
Table 6,ff3_r2,S3B1,0.95
Table 6,ff3_r2,S3B2,0.94
Table 6,ff3_r2,S3B3,0.93
Table 6,ff3_r2,S3B4,0.93
Table 6,ff3_r2,S3B5,0.93
Table 6,ff3_r2,S4B1,0.94
Table 6,ff3_r2,S4B2,0.93
Table 6,ff3_r2,S4B3,0.91
Table 6,ff3_r2,S4B4,0.89
Table 6,ff3_r2,S4B5,0.89
Table 6,ff3_r2,S5B1,0.94
Table 6,ff3_r2,S5B2,0.92
Table 6,ff3_r2,S5B3,0.88
Table 6,ff3_r2,S5B4,0.9
Table 6,ff3_r2,S5B5,0.83
Table 9a(ii),capm_alpha_pct,S1B1,-0.22
Table 9a(ii),capm_alpha_pct,S1B2,0.15
Table 9a(ii),capm_alpha_pct,S1B3,0.3
Table 9a(ii),capm_alpha_pct,S1B4,0.42
Table 9a(ii),capm_alpha_pct,S1B5,0.54
Table 9a(ii),capm_alpha_pct,S2B1,-0.18
Table 9a(ii),capm_alpha_pct,S2B2,0.17
Table 9a(ii),capm_alpha_pct,S2B3,0.36
Table 9a(ii),capm_alpha_pct,S2B4,0.39
Table 9a(ii),capm_alpha_pct,S2B5,0.53
Table 9a(ii),capm_alpha_pct,S3B1,-0.16
Table 9a(ii),capm_alpha_pct,S3B2,0.15
Table 9a(ii),capm_alpha_pct,S3B3,0.23
Table 9a(ii),capm_alpha_pct,S3B4,0.39
Table 9a(ii),capm_alpha_pct,S3B5,0.5
Table 9a(ii),capm_alpha_pct,S4B1,-0.05
Table 9a(ii),capm_alpha_pct,S4B2,-0.14
Table 9a(ii),capm_alpha_pct,S4B3,0.12
Table 9a(ii),capm_alpha_pct,S4B4,0.35
Table 9a(ii),capm_alpha_pct,S4B5,0.57
Table 9a(ii),capm_alpha_pct,S5B1,-0.04
Table 9a(ii),capm_alpha_pct,S5B2,-0.07
Table 9a(ii),capm_alpha_pct,S5B3,-0.07
Table 9a(ii),capm_alpha_pct,S5B4,0.2
Table 9a(ii),capm_alpha_pct,S5B5,0.21
Table 9a(iv),ff3_alpha_pct,S1B1,-0.34
Table 9a(iv),ff3_alpha_pct,S1B2,-0.12
Table 9a(iv),ff3_alpha_pct,S1B3,-0.05
Table 9a(iv),ff3_alpha_pct,S1B4,0.01
Table 9a(iv),ff3_alpha_pct,S1B5,0.0
Table 9a(iv),ff3_alpha_pct,S2B1,-0.11
Table 9a(iv),ff3_alpha_pct,S2B2,-0.01
Table 9a(iv),ff3_alpha_pct,S2B3,0.08
Table 9a(iv),ff3_alpha_pct,S2B4,0.03
Table 9a(iv),ff3_alpha_pct,S2B5,0.02
Table 9a(iv),ff3_alpha_pct,S3B1,-0.11
Table 9a(iv),ff3_alpha_pct,S3B2,0.04
Table 9a(iv),ff3_alpha_pct,S3B3,-0.04
Table 9a(iv),ff3_alpha_pct,S3B4,0.05
Table 9a(iv),ff3_alpha_pct,S3B5,0.05
Table 9a(iv),ff3_alpha_pct,S4B1,0.09
Table 9a(iv),ff3_alpha_pct,S4B2,-0.22
Table 9a(iv),ff3_alpha_pct,S4B3,-0.08
Table 9a(iv),ff3_alpha_pct,S4B4,0.03
Table 9a(iv),ff3_alpha_pct,S4B5,0.13
Table 9a(iv),ff3_alpha_pct,S5B1,0.21
Table 9a(iv),ff3_alpha_pct,S5B2,-0.05
Table 9a(iv),ff3_alpha_pct,S5B3,-0.13
Table 9a(iv),ff3_alpha_pct,S5B4,-0.05
Table 9a(iv),ff3_alpha_pct,S5B5,-0.16
Table 9a(iv),ff3_alpha_t,S1B1,-3.16
Table 9a(iv),ff3_alpha_t,S1B2,-1.47
Table 9a(iv),ff3_alpha_t,S1B3,-0.73
Table 9a(iv),ff3_alpha_t,S1B4,0.22
Table 9a(iv),ff3_alpha_t,S1B5,0.14
Table 9a(iv),ff3_alpha_t,S2B1,-1.24
Table 9a(iv),ff3_alpha_t,S2B2,-0.2
Table 9a(iv),ff3_alpha_t,S2B3,1.04
Table 9a(iv),ff3_alpha_t,S2B4,0.51
Table 9a(iv),ff3_alpha_t,S2B5,0.34
Table 9a(iv),ff3_alpha_t,S3B1,-1.42
Table 9a(iv),ff3_alpha_t,S3B2,0.47
Table 9a(iv),ff3_alpha_t,S3B3,-0.47
Table 9a(iv),ff3_alpha_t,S3B4,0.71
Table 9a(iv),ff3_alpha_t,S3B5,0.56
Table 9a(iv),ff3_alpha_t,S4B1,1.07
Table 9a(iv),ff3_alpha_t,S4B2,-2.65
Table 9a(iv),ff3_alpha_t,S4B3,-0.99
Table 9a(iv),ff3_alpha_t,S4B4,0.33
Table 9a(iv),ff3_alpha_t,S4B5,1.24
Table 9a(iv),ff3_alpha_t,S5B1,3.27
Table 9a(iv),ff3_alpha_t,S5B2,-0.67
Table 9a(iv),ff3_alpha_t,S5B3,-1.46
Table 9a(iv),ff3_alpha_t,S5B4,0.69
Table 9a(iv),ff3_alpha_t,S5B5,-1.41
Table 2,Mkt-RF_mean_pct,,0.43
Table 2,Mkt-RF_sd_pct,,4.54
Table 2,Mkt-RF_t,,1.76
Table 2,SMB_mean_pct,,0.27
Table 2,SMB_sd_pct,,2.89
Table 2,SMB_t,,1.73
Table 2,HML_mean_pct,,0.4
Table 2,HML_sd_pct,,2.54
Table 2,HML_t,,2.91
Table 2,TERM_mean_pct,,0.06
Table 2,TERM_sd_pct,,3.02
Table 2,DEF_mean_pct,,0.02
Table 2,DEF_sd_pct,,1.6
Section 2.1.2,corr_SMB_HML,,-0.08
Section 4.2,corr_Mkt_SMB,,0.32
Section 4.2,corr_Mkt_HML,,-0.38
Table 9c,GRS_F_TERM_DEF,,2.09
Table 9c,GRS_F_CAPM,,1.91
Table 9c,GRS_F_SMB_HML,,1.75
Table 9c,GRS_F_FF3,,1.56
Table 9c,GRS_F_FF3_TERM_DEF,,1.66
